# .mailmap format, check man git-shortlog for more info.
# Example 1: New name <newemail@arch.com> Old name
# Example 2: New name <newemail@arch.com> <oldmail@other.net>
# Example 3: New name <newemail@arch.com> Old name <oldmail@other.net>
Levente Polyak <anthraxx@archlinux.org> anthraxx
Johannes Löthberg <demize@archlinux.org> demize
Aaron Griffin <aaron@archlinux.org> aaron
Allan McRae <allan@archlinux.org> allan
kpcyrd <kpcyrd@archlinux.org> kpcyrd
Filipe Laíns <lains@archlinux.org> ffy00
Robin Broda <coderobe@archlinux.org> coderobe
Giancarlo Razzolini <grazzolini@archlinux.org> grazzolini
David Runge <dvzrv@archlinux.org> dvzrv
Morten Linderud <foxboron@archlinux.org> foxboron
Maxim Baz <maximbaz@archlinux.org> maximbaz
Abhishek Dasgupta <abhidg@gmail.com> abhidg
Andrzej Giniewicz <gginiu@gmail.com> aginiewicz
Brett Cornwall <ainola@archlinux.org> ainola
Alexander Baldeck <alexander@archlinux.org> alexander
Alexander Fehr <pizzapunk@gmail.com> alexanderf
Maxime Gauduin <alucryd@archlinux.org> alucryd
Pierre Neidhardt <ambrevar@gmail.com> ambrevar
Anatol Pomozov <anatolik@archlinux.org> anatolik
Andrea Scarpino <andrea@archlinux.org> andrea
Andreas Radke <andyrtr@archlinux.org> andyrtr
Ángel Velásquez <angvp@archlinux.org> angvp
Evgeniy Alekseev <arcanis@archlinux.org> arcanis
Alexander Rødseth <rodseth@gmail.com> arodseth
Antonio Rojas <arojas@archlinux.org> arojas
Aaron Schaefer <aaron@elasticdog.com> aschaefer
Balló György <ballogyor+arch@gmail.com> bgyorgy
Gaetan Bisson <bisson@archlinux.org> bisson
Florian Pritz <bluewind@archlinux.org> bluewind
Bartłomiej Piotrowski <bpiotrowski@archlinux.org> bpiotrowski
Connor Behan <cbehan@archlinux.org> cbehan
Chris Brannon <chris@the-brannons.com> cbrannon
Brad Fanella <cesura@archlinux.org> cesura
Federico Cinelli <cinelli.federico@gmail.com> cinelli
Corrado Primier <bardo@aur.archlinux.org> cprimier
Gavin Bisesi <daenyth+arch@gmail.com> daenyth
Dale Blount <dale@archlinux.org> dale
Damir Perisa <damir@archlinux.org> damir
Dan McGee <dan@archlinux.org> dan
Daniel Isenmann <daniel@archlinux.org> daniel
Daurnimator <daurnimator@archlinux.org> daurnimator
Daniel Bermond <dbermond@archlinux.org> dbermond
Daniel Griffiths <ghost1227@archlinux.us> dgriffiths
Jonas Witschel <diabonas@archlinux.org> diabonas
Михаил Страшун <public@dicebot.lv> dicebot
Dieter Plaetinck <dieter@plaetinck.be> dieter
Gerardo Pozzi <djgera@archlinux.org> djgera
Douglas Soares de Andrade <dsandrade@gmail.com> douglas
Dave Reisner <dreisner@archlinux.org> dreisner
Evangelos Foutras <foutrelis@archlinux.org> foutrelis
Evangelos Foutras <foutrelis@archlinux.org> foutrelis2
Daniel Wallace <danielwallace@gtmanfred.com> dwallace
Eduardo Romero <k3nsai@gmail.com> eduardo
Eric Bélanger <eric@archlinux.org> eric
Eli Schwartz <eschwartz@archlinux.org> eschwartz
Ivy Foster <iff@archlinux.org> escondida
Christian Hesse <eworm@archlinux.org> eworm
Alexandre Filgueira <faidoc@gmail.com> faidoc
Jiachen Yang <farseerfc@archlinux.org> farseerfc
Felix Yan <felixonmars@archlinux.org> felixonmars
Martin Wimpress <martin+arch@flexion.org> flexiondotorg
Thore Bödecker <foxxx0@archlinux.org> foxxx0
François Charette <francois@archlinux.org> francois
Frederik Schwan <freswa@archlinux.org> freswa
Geoffroy Carrier <geoffroy@archlinux.org> geoffroy
Giovanni Scafora <giovanni@archlinux.org> giovanni
Guillaume Alaux <guillaume@archlinux.org> guillaume
Justin Kromlinger <hashworks@archlinux.org> hashworks
Jan Alexander Steffens <heftig@archlinux.org> heftig
Hugo Doria <hugodoria@gmail.com> hugo
Ionuț Mircea Bîru <ibiru@archlinux.org> ibiru
Imanol Celaya <ornitorrincos@archlinux-es.org> icelaya
Ike Devolder <ike.devolder@archlinux.org> idevolder
James Rayner <james@archlinux.org> james
Jason Chu <jason@archlinux.org> jason
Jonathan Conder <jonno.conder@gmail.com> jconder
Jeff Mickey <jeff@archlinux.org> jeff
Jelle van der Waa <jelle@archlinux.org> jelle
Jan de Groot <jgc@archlinux.org> jgc
Jerome Leclanche <jleclanche@archlinux.org> jleclanche
Jaroslav Lichtblau <svetlemodry@archlinux.org> jlichtblau
Jonathan Steel <jsteel@archlinux.org> jsteel
Jarosław Świerczyński <swiergot@gmail.com> jswierczynski
Jürgen Hötzel <juergen@archlinux.org> juergen
Justin Davis <jrcd83@gmail.com> juster
Kaiting Chen <kaitocracy@gmail.com> kchen
Kevin Piche <kevin@archlinux.org> kevin
Konstantin Gizdov <kgizdov@archlinux.org> kgizdov
Kyle Keen <keenerd@gmail.com> kkeen
Laurent Carlier <lordheavym@archlinux.org> lcarlier
Lukas Fleischer <lfleischer@archlinux.org> lfleischer
Loui Chang <louipc.ist@gmail.com> loui
Mateusz Herych <heniekk@gmail.com> mherych
Massimiliano Torromeo <mtorromeo@archlinux.org> mtorromeo
Fabio Castelli <muflone@archlinux.org> muflone
Paul Mattal <paul@archlinux.org> paul
Pierre Schmitz <pierre@archlinux.org> pierre
Peter Lewis <plewis@aur.archlinux.org> plewis
Paulo Matias <matias@archlinux-br.org> pmatias
Daniel M. Capella <polyzen@archlinux.org> polyzen
Rémy Oudompheng <remy@archlinux.org> remy
Chuck Norris <root@archlinux.org> root
Ronald van Haren <ronald@archlinux.org> ronald
Santiago Torres <santiago@archlinux.org> sangy
Ray Rashif <schiv@archlinux.org> schiv
Jakob Gruber <jakob.gruber@gmail.com> schuay
Sébastien Luttringer <seblu@archlinux.org> seblu
Christian Rebischke <chris.rebischke@archlinux.org> shibumi
Stefan Husmann <stefan-husmann@t-online.de> shusmann
Simo Leone <simo@archlinux.org> simo
speps <speps@gmx.com> speps
Sergej Pupykin <spupykin@archlinux.org> spupykin
Lukas Jirkovsky <l.jirkovsky@gmail.com> stativ
Stéphane Gaudreault <stephane@archlinux.org> stephane
Sven-Hendrik Haase <svenstaro@archlinux.org> svenstaro
Thomas Dziedzic <gostrc@gmail.com> td123
Nicola Squartini <tensor5@archlinux.org> tensor5
Thomas S Hatch <thatch45@gmail.com> thatch
Thayer Williams <thayerwilliams@gmail.com> thayer
Daniel Micay <danielmicay@gmail.com> thestinger
Thomas Bächler <thomas@archlinux.org> thomas
Tobias Kieslich <tobias@archlinux.org> tobias
Tom Killian <tom@archlinux.org> tom
Tom Gundersen <tomegun@archlinux.org> tomegun
Tobias Powalowski <tpowa@archlinux.org> tpowa
Travis Willard <travis@archlinux.org> travis
Timothy Redaelli <tredaelli@archlinux.info> tredaelli
Thorsten Töpper <atsutane-tu@freethoughts.de> ttoepper
Vesa Kaihlavirta <bisson@archlinux.org> vesa
Dan Printzell <wild@archlinux.org> wild
Xyne <xyne@archlinux.org> xyne
Chih-Hsuan Yen <yan12125@archlinux.org> yan12125
Baptiste Jonglez <archlinux@bitsofnetworks.org> zorun
Alad Wenter <alad@archlinux.org> alad
Andrew Crerar <crerar@archlinux.org> andrewsc
Bruno Pagani <archange@archlinux.org> archange
Brad Fanella <cesura@archlinux.org> bfanella
Douglas Soares de Andrade <douglas@archlinux.org> dsa
Eric Bélanger <eric@archlinux.org> ebelanger
Felix Yan <felixonmars@archlinux.org> fyan
Ionuț Mircea Bîru <ibiru@archlinux.org> ioni
Nico Hood <nicohood@archlinux.org> nicohood
Pierre Schmitz <pierre@archlinux.org> pschmitz
Roman Kyrylych <roman@archlinux.org> roman
Ronald van Haren <ronald@archlinux.org> rvanharen
Thomas Bächler <thomas@archlinux.org> tbaechler
Thomas Dziedzic <gostrc@gmail.com> tdziedzic
Thorsten Töpper <atsutane-publicarch@freethoughts.de> ttopper
Vesa Kaihlavirta <vesa@archlinux.org> vegai
Benjamin Denhartog <sudoforge@archlinux.org> sudoforge
Alexander Epaneshnikov <alex19ep@archlinux.org> alex19ep
Morgan Adamiec <morganamilo@archlinux.org> morganamilo
Andreas Schleifer <segaja@archlinux.org> segaja
Leonidas Spyropoulos <artafinde@archlinux.org> artafinde
Caleb Maclennan <alerque@archlinux.org> alerque
George Rawlinson <grawlinson@archlinux.org> grawlinson
Orhun Parmaksız <orhun@archlinux.org> orhun
Tim Meusel <bastelfreak@archlinux.org> bastelfreak
Remi Gacogne <rgacogne@archlinux.org> rgacogne
Carsten Haitzler <raster@archlinux.org> raster
T.J. Townsend <blakkheim@archlinux.org> blakkheim
Campbell Jones <serebit@archlinux.org> serebit
Torsten Kessler <tpkessler@archlinux.org> tpkessler
